id,age,sex,occupation,zip_code
1,24,M,technician,85711
2,53,F,other,94043
3,23,M,writer,32067
4,24,M,technician,43537
5,33,F,other,15213
6,42,M,executive,98101
7,57,M,administrator,91344
8,36,M,administrator,05201
9,29,M,student,01002
10,53,M,lawyer,90703
11,39,F,other,30329
12,28,F,other,06405
13,47,M,educator,29206
14,45,M,scientist,55106
15,49,F,educator,97301
16,21,M,entertainment,10309
17,30,M,programmer,06355
18,35,F,other,37212
19,40,M,librarian,02138
20,42,F,homemaker,95660
21,26,M,writer,30068
22,25,M,writer,40206
23,30,F,artist,48197
24,21,F,artist,94533
25,39,M,engineer,55107
26,49,M,engineer,21044
27,40,F,librarian,30030
28,32,M,writer,55369
29,41,M,programmer,94043
30,7,M,student,55436
31,24,M,artist,10003
32,28,F,student,78741
33,23,M,student,27510
34,38,F,administrator,42141
35,20,F,homemaker,42459
36,19,F,student,93117
37,23,M,student,55105
38,28,F,other,54467
39,41,M,entertainment,01040
40,38,M,scientist,27514
41,33,M,engineer,80525
42,30,M,administrator,17870
43,29,F,librarian,20854
44,26,M,technician,46260
45,29,M,programmer,50233
46,27,F,marketing,46538
47,53,M,marketing,07102
48,45,M,administrator,12550
49,23,F,student,76111
50,21,M,writer,52245
51,28,M,educator,16509
52,18,F,student,55105
53,26,M,programmer,55414
54,22,M,executive,66315
55,37,M,programmer,01331
56,25,M,librarian,46260
57,16,M,none,84010
58,27,M,programmer,52246
59,49,M,educator,08403
60,50,M,healthcare,06472
61,36,M,engineer,30040
62,27,F,administrator,97214
63,31,M,marketing,75240
64,32,M,educator,43202
65,51,F,educator,48118
66,23,M,student,80521
67,17,M,student,60402
68,19,M,student,22904
69,24,M,engineer,55337
70,27,M,engineer,60067
71,39,M,scientist,98034
72,48,F,administrator,73034
73,24,M,student,41850
74,39,M,scientist,T8H1N
75,24,M,entertainment,08816
76,20,M,student,02215
77,30,M,technician,29379
78,26,M,administrator,61801
79,39,F,administrator,03755
80,34,F,administrator,52241
81,21,M,student,21218
82,50,M,programmer,22902
83,40,M,other,44133
84,32,M,executive,55369
85,51,M,educator,20003
86,26,M,administrator,46005
87,47,M,administrator,89503
88,49,F,librarian,11701
89,43,F,administrator,68106
90,60,M,educator,78155
91,55,M,marketing,01913
92,32,M,entertainment,80525
93,48,M,executive,23112
94,26,M,student,71457
95,31,M,administrator,10707
96,25,F,artist,75206
97,43,M,artist,98006
98,49,F,executive,90291
99,20,M,student,63129
100,36,M,executive,90254
101,15,M,student,05146
102,38,M,programmer,30220
103,26,M,student,55108
104,27,M,student,55108
105,24,M,engineer,94043
106,61,M,retired,55125
107,39,M,scientist,60466
108,44,M,educator,63130
109,29,M,other,55423
110,19,M,student,77840
111,57,M,engineer,90630
112,30,M,salesman,60613
113,47,M,executive,95032
114,27,M,programmer,75013
115,31,M,engineer,17110
116,40,M,healthcare,97232
117,20,M,student,16125
118,21,M,administrator,90210
119,32,M,programmer,67401
120,47,F,other,06260
121,54,M,librarian,99603
122,32,F,writer,22206
123,48,F,artist,20008
124,34,M,student,60615
125,30,M,lawyer,22202
126,28,F,lawyer,20015
127,33,M,none,73439
128,24,F,marketing,20009
129,36,F,marketing,07039
130,20,M,none,60115
131,59,F,administrator,15237
132,24,M,other,94612
133,53,M,engineer,78602
134,31,M,programmer,80236
135,23,M,student,38401
136,51,M,other,97365
137,50,M,educator,84408
138,46,M,doctor,53211
139,20,M,student,08904
140,30,F,student,32250
141,49,M,programmer,36117
142,13,M,other,48118
143,42,M,technician,08832
144,53,M,programmer,20910
145,31,M,entertainment,V3N4P
146,45,M,artist,83814
147,40,F,librarian,02143
148,33,M,engineer,97006
149,35,F,marketing,17325
150,20,F,artist,02139
151,38,F,administrator,48103
152,33,F,educator,68767
153,25,M,student,60641
154,25,M,student,53703
155,32,F,other,11217
156,25,M,educator,08360
157,57,M,engineer,70808
158,50,M,educator,27606
159,23,F,student,55346
160,27,M,programmer,66215
161,50,M,lawyer,55104
162,25,M,artist,15610
163,49,M,administrator,97212
164,47,M,healthcare,80123
165,20,F,other,53715
166,47,M,educator,55113
167,37,M,other,L9G2B
168,48,M,other,80127
169,52,F,other,53705
170,53,F,healthcare,30067
171,48,F,educator,78750
172,55,M,marketing,22207
173,56,M,other,22306
174,30,F,administrator,52302
175,26,F,scientist,21911
176,28,M,scientist,07030
177,20,M,programmer,19104
178,26,M,other,49512
179,15,M,entertainment,20755
180,22,F,administrator,60202
181,26,M,executive,21218
182,36,M,programmer,33884
183,33,M,scientist,27708
184,37,M,librarian,76013
185,53,F,librarian,97403
186,39,F,executive,00000
187,26,M,educator,16801
188,42,M,student,29440
189,32,M,artist,95014
190,30,M,administrator,95938
191,33,M,administrator,95161
192,42,M,educator,90840
193,29,M,student,49931
194,38,M,administrator,02154
195,42,M,scientist,93555
196,49,M,writer,55105
197,55,M,technician,75094
198,21,F,student,55414
199,30,M,writer,17604
200,40,M,programmer,93402
